<?xml version="1.0" encoding="UTF-8"?>
<project-private xmlns="http://www.netbeans.org/ns/project-private/1">
    <editor-bookmarks xmlns="http://www.netbeans.org/ns/editor-bookmarks/2" lastBookmarkId="0"/>
    <open-files xmlns="http://www.netbeans.org/ns/projectui-open-files/2">
        <group>
            <file>file:/D:/2021/Digital2/Digital2/Proyecto2/P2_Master.X/USART.c</file>
            <file>file:/D:/2021/Digital2/Digital2/Proyecto2/P2_Master.X/I2C.c</file>
            <file>file:/D:/2021/Digital2/Digital2/Proyecto2/P2_Master.X/Principal_Master.c</file>
        </group>
    </open-files>
</project-private>
